topic_words3,Fraktsioonitud,Keskerakond,difference
objekti anu raua,0.0204081632653061,0.0668316831683168,-227.47524752475266
koolis kooli opilased,0.0204081632653061,0.0321782178217821,-57.67326732673248
pensionitous pensionitousu pension,0.0204081632653061,0.0123762376237623,39.356435643564666
hadaolukorda eriolukord eriolukorra,0.0204081632653061,0.0123762376237623,39.356435643564666
toonadalal istungid taiendaval,0.0204081632653061,0.0123762376237623,39.356435643564666
rahvahaaletuse rahvahaaletus rahvahaaletusel,0.0204081632653061,0.0074257425742574,63.613861386138694
maksuamet tolliamet tolliameti,0.0204081632653061,0.0074257425742574,63.613861386138694
hoone rkas hoonet,0.0204081632653061,0.0074257425742574,63.613861386138694
kinnisasja maad maa,0.0204081632653061,0.0074257425742574,63.613861386138694
haiguspaevade haiguspaevi haiguspaeva,0.0408163265306122,0.0198019801980198,51.485148514851446
kaibemaksu kaibemaks kaibemaksumaara,0.0204081632653061,0.0049504950495049,75.74257425742597
normitehnika mojude eeskiri,0.0204081632653061,0.0049504950495049,75.74257425742597
viirust vaktsineeritud viiruse,0.0612244897959183,0.0321782178217821,47.4422442244225
tulumaksuvaba maksususteemi tulumaksu,0.0204081632653061,0.0024752475247524,87.87128712871322
maantee neljarealiseks ppp,0.0204081632653061,0.0024752475247524,87.87128712871322
piima toorpiima toodangut,0.0204081632653061,0.0024752475247524,87.87128712871322
ammendumiseni kaheni pikendada,0.0204081632653061,0.0024752475247524,87.87128712871322
vaesuses suhtelises vaesuse,0.0204081632653061,0.0024752475247524,87.87128712871322
vallaga vald sauga,0.0204081632653061,0.0024752475247524,87.87128712871322
kodualuse maamaksu maamaksust,0.0204081632653061,0.0024752475247524,87.87128712871322
varude varud varu,0.0204081632653061,0.0024752475247524,87.87128712871322
valispoliitika valispoliitikas diplomaatia,0.0204081632653061,0.0024752475247524,87.87128712871322
kaitsekulud kaitsekulutused kaitsekulude,0.0204081632653061,0.0024752475247524,87.87128712871322
ulejaagis struktuurses struktuurse,0.0204081632653061,0.0024752475247524,87.87128712871322
opositsioonis koalitsiooni opositsiooni,0.0408163265306122,0.0123762376237623,69.67821782178233
tarbijakaitse amet ametile,0.0408163265306122,0.0024752475247524,93.93564356435661
vagivallale vihakone ohutamine,0.0408163265306122,0.0024752475247524,93.93564356435661
valimisliitude volikogusse volikokku,0.0408163265306122,0.0049504950495049,87.87128712871298
annetus erjk annetuse,0.0612244897959183,0.0024752475247524,95.95709570957108
majandusaasta koondaruanne raamatupidamise,0.0408163265306122,0.0,100.0
muugimaksu muugimaks paadimaksu,0.0408163265306122,0.0,100.0
uhistranspordi uhistransport uhistransporti,0.0204081632653061,0.0,100.0
tsernoboli represseeritud oigusvastaselt,0.0204081632653061,0.0,100.0
mes maale maaelu,0.0204081632653061,0.0,100.0
kodakondsust kodakondsuse kodanikuks,0.0204081632653061,0.0,100.0
salastatud valisteabe riigisaladuse,0.0204081632653061,0.0,100.0
korterid kortereid korterit,0.0204081632653061,0.0,100.0
muraste kase kompleksi,0.0204081632653061,0.0,100.0
palgalohe soolist meeste,0.0,0.0,
planeeringu keskkonnamoju keskkonnamojude,0.0,0.0,
riigimetsa majandamise noukokku,0.0,0.0,
riigikontrolor karis riigikontrolori,0.0,0.0,
riigiabi komisjonilt loa,0.0,0.0,
relva relvade relvaluba,0.0,0.0,
rahapesu terrorismi andmeburoo,0.0,0.0,
puude raskusastme puuet,0.0,0.0,
president ilves presidendi,0.0,0.0,
post posti omniva,0.0,0.0,
pollumeestele pollumehi pollumehed,0.0,0.0,
piirivalve valvamise valvamine,0.0,0.0,
erso teatri kontserdi,0.0,0.0,
piirilepingu piirileping piirilepingut,0.0,0.0,
abielu kooselu samasooliste,0.0,0.0,
abipolitseinik abipolitseiniku abipolitseinike,0.0,0.0,
ametipalkade riigiteenijate korgemate,0.0,0.0,
annetused annetusi annetuste,0.0,0.0,
borsile ipo enefit,0.0,0.0,
elamisluba elamisloa viisa,0.0,0.0,
elatisraha elatisabi elatise,0.0,0.0,
energiaagentuur agentuuri agentuur,0.0,0.0,
riigipuha puhade tahtpaevade,0.0,0.0,
salvestisi salvestised salvestiste,0.0,0.0,
seksuaalse vangistusega vaarkohtlemise,0.0,0.0,
sigade katku katk,0.0,0.0,
voidusamba vabadussoja uurimiskomisjon,0.0,0.0,
vee monopolide veeteenuse,0.0,0.0,
valismaale valjarande valjaranne,0.0,0.0,
valimiskomisjon proteste valimiskasti,0.0,0.0,
valijate erakonda valijaid,0.0,0.0,
vaikesaarte saarte pusiasustusega,0.0,0.0,
vagivalla naistevastase perevagivalla,0.0,0.0,
utah jordaania energia,0.0,0.0,
ugri rahvaste polisrahvaste,0.0,0.0,
ts parvlaeva parvlaevad,0.0,0.0,
tootuna arvele ariuhingu,0.0,0.0,
teenuseid teenused teenust,0.0,0.0,
teenistuse teenistuses avalikus,0.0,0.0,
teekasutustasu autode autod,0.0,0.0,
talupidajate kaubanduskoja kaubanduskoda,0.0,0.0,
suuria euroopasse turgis,0.0,0.0,
sularaha kommertspangad pangad,0.0,0.0,
soita jalakaija konniteel,0.0,0.0,
skais arendused infosusteemide,0.0,0.0,
eripensioni valjateenitud staazi,0.0,0.0,
est kavatsuste for,0.0,0.0,
operatsioonil sojalisel panustamisel,0.0,0.0,
magustatud suhkrut joogi,0.0,0.0,
kusija vastaja vastasin,0.0,0.0,
kusimusena tahtsa tahtsusega,0.0,0.0,
lae korgepalgaliste lagi,0.0,0.0,
lahususe voimude lahusus,0.0,0.0,
liibanonis missioonil pikendamine,0.0,0.0,
lipu laevu kaubalaeva,0.0,0.0,
lipud lippude lipp,0.0,0.0,
louis freeh kremli,0.0,0.0,
maavalitsuste maavalitsused maakonna,0.0,0.0,
memorandumi moistmise memorandum,0.0,0.0,
estonian air airi,0.0,0.0,
metsa metsade mets,0.0,0.0,
missiooni missioonile missioon,0.0,0.0,
moisteid moiste moisted,0.0,0.0,
muundatud geneetiliselt gmo,0.0,0.0,
muuseum muuseumi muuseumide,0.0,0.0,
noukogudesse ariuhingute noukogudes,0.0,0.0,
oigusloome oigusloomes oiguspoliitika,0.0,0.0,
oigusriik oigusriigi oigusriigist,0.0,0.0,
ootuse oigusparase oiguskindluse,0.0,0.0,
korteriuhistu korteriomanike korteriuhistute,0.0,0.0,
korruptsiooni korruptsioon korruptsiooniga,0.0,0.0,
korrata stenogrammist vabandan,0.0,0.0,
koolituse koolitus koolitusele,0.0,0.0,
fie fuusilisest isikust,0.0,0.0,
haaletamissedel haaletamiskasti sedeli,0.0,0.0,
haalte kandidaatidele haaletamisest,0.0,0.0,
hambaravi hammaste hambad,0.0,0.0,
humni humn laulda,0.0,0.0,
kaasne lisakulutusi riigieelarvele,0.0,0.0,
kala kalurid kalurite,0.0,0.0,
kandidaati kandidaat valituks,0.0,0.0,
keeleoskust oskuse keeleoskuse,0.0,0.0,
keskkonnaameti uhendamine uhendamise,0.0,0.0,
kinnitamise paevakorra paevakord,0.0,0.0,
kirik kiriku maarja,0.0,0.0,
kohanimenoukogu vonnu mulgi,0.0,0.0,
kohtla jarve johvi,0.0,0.0,
kohtutaiturite kohtutaitur kohtutaituri,0.0,0.0,
koneleja konsensuslikud repliigi,0.0,0.0,
konkurss konkursi konkurssi,0.0,0.0,
piirikontrolli schengeni valispiiri,0.0,0.0,
koolilouna koolitoidu koolitoit,0.0,0.0,
kontrollin haaled kandidaadi,0.0,0.0,
aasia aasias saatkonna,0.0,0.0074257425742574,-inf
reklaami reklaam alkoholireklaam,0.0,0.0049504950495049,-inf
taanis saksamaal hollandis,0.0,0.0024752475247524,-inf
riigipalgaliste riigisektoris koondada,0.0,0.0024752475247524,-inf
riigireformi riigireformist riigireform,0.0,0.0024752475247524,-inf
veb fondi uurimiskomisjon,0.0,0.0024752475247524,-inf
vanemahuvitist vanemahuvitise vanemahuvitis,0.0,0.0024752475247524,-inf
valimisea valimisiga valimisoiguse,0.0,0.0024752475247524,-inf
valdkonnad laekumisest fikseeritakse,0.0,0.0024752475247524,-inf
vabatahtlike komandode paasteameti,0.0,0.0049504950495049,-inf
uuring uuringut uuringu,0.0,0.0024752475247524,-inf
untso missioonide liikmesusest,0.0,0.0024752475247524,-inf
uliopilased uliopilastele uliopilaste,0.0,0.0247524752475247,-inf
ulikooliga kbfi instituudi,0.0,0.0024752475247524,-inf
tulubaasi tasandusfondi tulumaksuosa,0.0,0.0024752475247524,-inf
tulubaasi omavalitsustele omavalitsuste,0.0,0.0074257425742574,-inf
treenerite spordi sport,0.0,0.0049504950495049,-inf
toovoimereformi toovoimega toovoimereform,0.0,0.0049504950495049,-inf
leping ratifitseerida lepinguga,0.0,0.0024752475247524,-inf
tootuli lepitaja ametiuhingute,0.0,0.0024752475247524,-inf
tooandja tooandjal tootaja,0.0,0.0099009900990099,-inf
tooandja tervisesse maksuvabalt,0.0,0.0049504950495049,-inf
tervist tervis tervisega,0.0,0.0074257425742574,-inf
terviseandmed isikuandmeid terviseandmeid,0.0,0.0148514851485148,-inf
teede teehoiuks teedele,0.0,0.0099009900990099,-inf
teatri teater rahvusooper,0.0,0.0024752475247524,-inf
teadus teaduse arendustegevuse,0.0,0.0247524752475247,-inf
tapsustatakse ajakohastatakse nouete,0.0,0.0024752475247524,-inf
riigiloivude riigiloivud riigiloivu,0.0,0.0024752475247524,-inf
riigikontrolli auditi auditit,0.0,0.0024752475247524,-inf
liiklussurmade liikluses hukkunute,0.0,0.0024752475247524,-inf
palgatousu opetajate palgatous,0.0,0.0074257425742574,-inf
rail trassi balticu,0.0,0.0049504950495049,-inf
rahvuse rahvust rahvusriik,0.0,0.0049504950495049,-inf
raamatukogu pimedate raamatukogude,0.0,0.0024752475247524,-inf
psuhhiaatri alaealine psuhhiaatrilist,0.0,0.0099009900990099,-inf
prokuratuur prokuratuuri prokuror,0.0,0.0099009900990099,-inf
poolte kokkuleppel huvitise,0.0,0.0074257425742574,-inf
pohiseadusega riigikohus oiguskantsler,0.0,0.0148514851485148,-inf
pensioniiga pensioniea eluiga,0.0,0.0024752475247524,-inf
pensionifondide pensionifondid fondid,0.0,0.0024752475247524,-inf
pensioni pension sammas,0.0,0.0024752475247524,-inf
pealinnast tallinnast viljandisse,0.0,0.0049504950495049,-inf
pagulasi pagulased pagulaste,0.0,0.0024752475247524,-inf
liitlaste ohutorje keskmaa,0.0,0.0049504950495049,-inf
otsevalimise presidenti presidendi,0.0,0.042079207920792,-inf
oppelaenu sugava puudega,0.0,0.0024752475247524,-inf
opositsiooni koalitsioonil opositsioonil,0.0,0.0024752475247524,-inf
omandireformi tagastatud omandireform,0.0,0.0024752475247524,-inf
oiglase virumaale ulemineku,0.0,0.0049504950495049,-inf
nord stream streami,0.0,0.0024752475247524,-inf
virumaale virumaa toostusalade,0.0,0.0024752475247524,-inf
miili baasvorgu lairiba,0.0,0.0049504950495049,-inf
loomi loomade loomad,0.0,0.0074257425742574,-inf
lng terminali gaasi,0.0,0.0024752475247524,-inf
lisaeelarve lisaeelarves lisaeelarvega,0.0,0.0173267326732673,-inf
tantsupeo laulu traditsiooni,0.0,0.0049504950495049,-inf
slovakkia ungari portugal,0.0,0.0049504950495049,-inf
katteallikas katteallikaid katteallikat,0.0,0.0099009900990099,-inf
samba sammas sambasse,0.0,0.0024752475247524,-inf
arengukavad arengukavade pohialuste,0.0,0.0099009900990099,-inf
arengufond arengufondi arengufondis,0.0,0.0024752475247524,-inf
apteeke apteegid apteekide,0.0,0.0049504950495049,-inf
ametiuhingute tooandjate keskliit,0.0,0.0272277227722772,-inf
alkoholi kange lahja,0.0,0.0024752475247524,-inf
ajakirjandus ajakirjanduse ajakirjandust,0.0,0.0024752475247524,-inf
aituma infotundi jahimehed,0.0,0.0024752475247524,-inf
eriarstide eriarstiabi eriarsti,0.0,0.0099009900990099,-inf
jahimehed jahimeeste jahti,0.0,0.0024752475247524,-inf
huvigruppe huvigruppide kaasatud,0.0,0.0099009900990099,-inf
jarviku jarvik maaeluministri,0.0,0.0024752475247524,-inf
joustumine joustuma joustada,0.0,0.0198019801980198,-inf
koosoleku elektrooniline koosolekut,0.0,0.0024752475247524,-inf
krimmi agressiooni ukraina,0.0,0.0099009900990099,-inf
kohtunike kohtususteem kohtuniku,0.0,0.0049504950495049,-inf
jalitustegevuse jalitustoimingu sideandmete,0.0,0.0049504950495049,-inf
kutsehariduse kutseharidus kutsehariduses,0.0,0.0074257425742574,-inf
kaitseliit kaitseliidule kaitseliidu,0.0,0.0074257425742574,-inf
kandidaadi kandidaati kandidaat,0.0,0.0024752475247524,-inf
kandideerima ametikohale kandidaatide,0.0,0.0024752475247524,-inf
korterelamute kortermajade kredexi,0.0,0.0024752475247524,-inf
kauguhendus avaksite ettekandjalt,0.0,0.0396039603960396,-inf
kantsler kantsleri riigisekretar,0.0,0.0024752475247524,-inf
karistuse karistus tingimisi,0.0,0.0024752475247524,-inf
kasvavad tuleval kasv,0.0,0.0074257425742574,-inf
danske filiaali rahapesu,0.0,0.0024752475247524,-inf
deklaratsiooni deklaratsioone deklaratsioonis,0.0,0.0049504950495049,-inf
direktiivi direktiiv ulevotmise,0.0,0.0074257425742574,-inf
lapsetoetust lapsetoetus lapsetoetuse,0.0,0.0049504950495049,-inf
rongi rongide rongid,0.0,0.0049504950495049,-inf
tootuid tootute tootu,0.0,0.0123762376237623,-inf
lasteaia lasteaias lasteaiakoha,0.0,0.0024752475247524,-inf
volakirjade keskpank volakirju,0.0,0.0024752475247524,-inf
laari laar kandidatuuri,0.0,0.0024752475247524,-inf
inimarengu aruanne aruandes,0.0,0.0024752475247524,-inf
inflatsiooni inflatsioon hinnatous,0.0,0.0024752475247524,-inf
iive sundimus iibe,0.0,0.0024752475247524,-inf
idapiiri piiririba valjaehitamine,0.0,0.0024752475247524,-inf
id mobiil kaardi,0.0,0.0024752475247524,-inf
huvihariduse huvitegevuse huviharidus,0.0,0.0074257425742574,-inf
hooldekodus hoolduse hooldekodu,0.0,0.0024752475247524,-inf
eelarvele kulude riigieelarvele,0.0,0.0074257425742574,-inf
hoiu pangad pankade,0.0,0.0049504950495049,-inf
hiv narkomaania epideemia,0.0,0.0024752475247524,-inf
hansson ardo panga,0.0,0.0024752475247524,-inf
hanke hankija riigihangete,0.0,0.0049504950495049,-inf
haale valimispaeval valimiste,0.0,0.0049504950495049,-inf
etv saateid pbk,0.0,0.0074257425742574,-inf
jaatmeid liigiti prugi,0.0,0.0074257425742574,-inf
erimargistatud kutust kutuse,0.0,0.0049504950495049,-inf
elektri elektrit taastuvenergia,0.0,0.0123762376237623,-inf
efsf esm kreekale,0.0,0.0123762376237623,-inf
eelarves riigieelarves reservist,0.0,0.0173267326732673,-inf
volitust kaasuses jarvik,0.0,0.0,
