topic_words3,EKRE,Fraktsioonitud,Isamaa,Keskerakond,Reformierakond,Sotsiaaldemokraadid
aasia aasias saatkonna,0.006068487212830516,0.0,0.0008857395925597874,0.007425742574257425,0.011029411764705883,0.0011976047904191617
abielu kooselu samasooliste,0.0039011703511053317,0.0,0.0044286979627989375,0.0,0.0012254901960784314,0.004790419161676647
abipolitseinik abipolitseiniku abipolitseinike,0.0,0.0,0.0008857395925597874,0.0,0.0,0.0
aituma infotundi jahimehed,0.00043346337234503684,0.0,0.0008857395925597874,0.0024752475247524753,0.003676470588235294,0.0011976047904191617
ajakirjandus ajakirjanduse ajakirjandust,0.0039011703511053317,0.0,0.002657218777679362,0.0024752475247524753,0.0012254901960784314,0.0011976047904191617
alkoholi kange lahja,0.004334633723450368,0.0,0.015057573073516387,0.0024752475247524753,0.0024509803921568627,0.0
ametipalkade riigiteenijate korgemate,0.0,0.0,0.0,0.0,0.0012254901960784314,0.0
ametiuhingute tooandjate keskliit,0.0039011703511053317,0.0,0.0,0.027227722772277228,0.003676470588235294,0.0023952095808383233
ammendumiseni kaheni pikendada,0.0013003901170351106,0.02040816326530612,0.0008857395925597874,0.0024752475247524753,0.0012254901960784314,0.0
annetus erjk annetuse,0.002167316861725184,0.061224489795918366,0.001771479185119575,0.0024752475247524753,0.003676470588235294,0.009580838323353293
annetused annetusi annetuste,0.00043346337234503684,0.0,0.00354295837023915,0.0,0.0012254901960784314,0.0023952095808383233
apteeke apteegid apteekide,0.0008669267446900737,0.0,0.0,0.0049504950495049506,0.0024509803921568627,0.0
arengufond arengufondi arengufondis,0.003034243606415258,0.0,0.00354295837023915,0.0024752475247524753,0.00980392156862745,0.004790419161676647
arengukavad arengukavade pohialuste,0.010403120936280884,0.0,0.030115146147032774,0.009900990099009901,0.030637254901960783,0.023952095808383235
borsile ipo enefit,0.002167316861725184,0.0,0.0070859167404783,0.0,0.003676470588235294,0.0
danske filiaali rahapesu,0.004768097095795405,0.0,0.001771479185119575,0.0024752475247524753,0.0,0.0
deklaratsiooni deklaratsioone deklaratsioonis,0.002600780234070221,0.0,0.001771479185119575,0.0049504950495049506,0.003676470588235294,0.0011976047904191617
direktiivi direktiiv ulevotmise,0.011270047680970958,0.0,0.007971656333038087,0.007425742574257425,0.004901960784313725,0.0
eelarvele kulude riigieelarvele,0.002167316861725184,0.0,0.0008857395925597874,0.007425742574257425,0.0024509803921568627,0.0011976047904191617
eelarves riigieelarves reservist,0.011270047680970958,0.0,0.012400354295837024,0.017326732673267328,0.01715686274509804,0.011976047904191617
efsf esm kreekale,0.006935413957520589,0.0,0.0,0.012376237623762377,0.006127450980392157,0.0
elamisluba elamisloa viisa,0.004768097095795405,0.0,0.0008857395925597874,0.0,0.0012254901960784314,0.0
elatisraha elatisabi elatise,0.0008669267446900737,0.0,0.0,0.0,0.0,0.003592814371257485
elektri elektrit taastuvenergia,0.027308192457737322,0.0,0.054030115146147036,0.012376237623762377,0.03799019607843137,0.032335329341317366
energiaagentuur agentuuri agentuur,0.0013003901170351106,0.0,0.0008857395925597874,0.0,0.0,0.0
eriarstide eriarstiabi eriarsti,0.002167316861725184,0.0,0.002657218777679362,0.009900990099009901,0.003676470588235294,0.008383233532934131
erimargistatud kutust kutuse,0.0,0.0,0.002657218777679362,0.0049504950495049506,0.0012254901960784314,0.0
eripensioni valjateenitud staazi,0.0017338534893801473,0.0,0.0,0.0,0.0,0.0
erso teatri kontserdi,0.00043346337234503684,0.0,0.0008857395925597874,0.0,0.0,0.0
est kavatsuste for,0.00043346337234503684,0.0,0.0,0.0,0.0,0.0
estonian air airi,0.00043346337234503684,0.0,0.0008857395925597874,0.0,0.0,0.0
etv saateid pbk,0.007802340702210663,0.0,0.00354295837023915,0.007425742574257425,0.0012254901960784314,0.0023952095808383233
fie fuusilisest isikust,0.0,0.0,0.001771479185119575,0.0,0.0024509803921568627,0.0023952095808383233
haale valimispaeval valimiste,0.003034243606415258,0.0,0.00354295837023915,0.0049504950495049506,0.0012254901960784314,0.0011976047904191617
haaletamissedel haaletamiskasti sedeli,0.0013003901170351106,0.0,0.001771479185119575,0.0,0.0012254901960784314,0.0
haalte kandidaatidele haaletamisest,0.0,0.0,0.001771479185119575,0.0,0.0012254901960784314,0.0
hadaolukorda eriolukord eriolukorra,0.01907238838318162,0.02040816326530612,0.04162976085031001,0.012376237623762377,0.00857843137254902,0.005988023952095809
haiguspaevade haiguspaevi haiguspaeva,0.0034677069787602947,0.04081632653061224,0.00354295837023915,0.019801980198019802,0.012254901960784314,0.05269461077844311
hambaravi hammaste hambad,0.0,0.0,0.0,0.0,0.0012254901960784314,0.0011976047904191617
hanke hankija riigihangete,0.0013003901170351106,0.0,0.0070859167404783,0.0049504950495049506,0.0,0.0
hansson ardo panga,0.0,0.0,0.0,0.0024752475247524753,0.0,0.0
hiv narkomaania epideemia,0.0017338534893801473,0.0,0.0,0.0024752475247524753,0.0012254901960784314,0.0011976047904191617
hoiu pangad pankade,0.003034243606415258,0.0,0.0008857395925597874,0.0049504950495049506,0.003676470588235294,0.003592814371257485
hooldekodus hoolduse hooldekodu,0.00043346337234503684,0.0,0.002657218777679362,0.0024752475247524753,0.003676470588235294,0.023952095808383235
hoone rkas hoonet,0.007368877329865626,0.02040816326530612,0.002657218777679362,0.007425742574257425,0.0024509803921568627,0.0
humni humn laulda,0.003034243606415258,0.0,0.0,0.0,0.0,0.0
huvigruppe huvigruppide kaasatud,0.0082358040745557,0.0,0.00974313551815766,0.009900990099009901,0.013480392156862746,0.005988023952095809
huvihariduse huvitegevuse huviharidus,0.0013003901170351106,0.0,0.01682905225863596,0.007425742574257425,0.006127450980392157,0.08502994011976048
id mobiil kaardi,0.006935413957520589,0.0,0.00354295837023915,0.0024752475247524753,0.0012254901960784314,0.0011976047904191617
idapiiri piiririba valjaehitamine,0.0017338534893801473,0.0,0.007971656333038087,0.0024752475247524753,0.0012254901960784314,0.0
iive sundimus iibe,0.004334633723450368,0.0,0.001771479185119575,0.0024752475247524753,0.004901960784313725,0.0011976047904191617
inflatsiooni inflatsioon hinnatous,0.0017338534893801473,0.0,0.0044286979627989375,0.0024752475247524753,0.007352941176470588,0.004790419161676647
inimarengu aruanne aruandes,0.0013003901170351106,0.0,0.0008857395925597874,0.0024752475247524753,0.003676470588235294,0.008383233532934131
jaatmeid liigiti prugi,0.0013003901170351106,0.0,0.0008857395925597874,0.007425742574257425,0.0024509803921568627,0.0023952095808383233
jahimehed jahimeeste jahti,0.0008669267446900737,0.0,0.0,0.0024752475247524753,0.0,0.0
jalitustegevuse jalitustoimingu sideandmete,0.0013003901170351106,0.0,0.0,0.0049504950495049506,0.00857843137254902,0.0
jarviku jarvik maaeluministri,0.017771998266146512,0.0,0.0044286979627989375,0.0024752475247524753,0.003676470588235294,0.003592814371257485
joustumine joustuma joustada,0.005635023840485479,0.0,0.011514614703277236,0.019801980198019802,0.006127450980392157,0.0023952095808383233
kaasne lisakulutusi riigieelarvele,0.0017338534893801473,0.0,0.0008857395925597874,0.0,0.0012254901960784314,0.0
kaibemaksu kaibemaks kaibemaksumaara,0.002167316861725184,0.02040816326530612,0.001771479185119575,0.0049504950495049506,0.003676470588235294,0.0
kaitsekulud kaitsekulutused kaitsekulude,0.004768097095795405,0.02040816326530612,0.007971656333038087,0.0024752475247524753,0.0024509803921568627,0.0011976047904191617
kaitseliit kaitseliidule kaitseliidu,0.011703511053315995,0.0,0.006200177147918512,0.007425742574257425,0.003676470588235294,0.003592814371257485
kala kalurid kalurite,0.0034677069787602947,0.0,0.0,0.0,0.0,0.0
kandidaadi kandidaati kandidaat,0.0,0.0,0.0008857395925597874,0.0024752475247524753,0.0012254901960784314,0.0011976047904191617
kandidaati kandidaat valituks,0.0008669267446900737,0.0,0.0008857395925597874,0.0,0.0012254901960784314,0.0
kandideerima ametikohale kandidaatide,0.0008669267446900737,0.0,0.0,0.0024752475247524753,0.003676470588235294,0.0
kantsler kantsleri riigisekretar,0.002167316861725184,0.0,0.0044286979627989375,0.0024752475247524753,0.0,0.0
karistuse karistus tingimisi,0.007368877329865626,0.0,0.010628875110717449,0.0024752475247524753,0.004901960784313725,0.0023952095808383233
kasvavad tuleval kasv,0.0,0.0,0.001771479185119575,0.007425742574257425,0.003676470588235294,0.0
katteallikas katteallikaid katteallikat,0.0017338534893801473,0.0,0.005314437555358724,0.009900990099009901,0.0012254901960784314,0.0023952095808383233
kauguhendus avaksite ettekandjalt,0.03727785002167317,0.0,0.013286093888396812,0.039603960396039604,0.011029411764705883,0.016766467065868262
keeleoskust oskuse keeleoskuse,0.00043346337234503684,0.0,0.001771479185119575,0.0,0.0,0.0
keskkonnaameti uhendamine uhendamise,0.0013003901170351106,0.0,0.0008857395925597874,0.0,0.0024509803921568627,0.0
kinnisasja maad maa,0.0,0.02040816326530612,0.007971656333038087,0.007425742574257425,0.003676470588235294,0.0011976047904191617
kinnitamise paevakorra paevakord,0.0008669267446900737,0.0,0.0,0.0,0.0,0.003592814371257485
kirik kiriku maarja,0.00043346337234503684,0.0,0.0008857395925597874,0.0,0.0012254901960784314,0.0
kodakondsust kodakondsuse kodanikuks,0.007368877329865626,0.02040816326530612,0.011514614703277236,0.0,0.004901960784313725,0.009580838323353293
kodualuse maamaksu maamaksust,0.0,0.02040816326530612,0.0044286979627989375,0.0024752475247524753,0.0,0.0023952095808383233
kohanimenoukogu vonnu mulgi,0.0,0.0,0.0,0.0,0.0,0.0011976047904191617
kohtla jarve johvi,0.003034243606415258,0.0,0.0,0.0,0.0,0.0011976047904191617
kohtunike kohtususteem kohtuniku,0.006935413957520589,0.0,0.002657218777679362,0.0049504950495049506,0.01715686274509804,0.0023952095808383233
kohtutaiturite kohtutaitur kohtutaituri,0.0008669267446900737,0.0,0.0008857395925597874,0.0,0.0024509803921568627,0.003592814371257485
koneleja konsensuslikud repliigi,0.0,0.0,0.0008857395925597874,0.0,0.0,0.0011976047904191617
konkurss konkursi konkurssi,0.0,0.0,0.0,0.0,0.0012254901960784314,0.0
kontrollin haaled kandidaadi,0.00043346337234503684,0.0,0.0,0.0,0.0,0.0
koolilouna koolitoidu koolitoit,0.0,0.0,0.002657218777679362,0.0,0.0,0.0
koolis kooli opilased,0.01517121803207629,0.02040816326530612,0.029229406554472984,0.03217821782178218,0.03676470588235294,0.041916167664670656
koolituse koolitus koolitusele,0.0008669267446900737,0.0,0.0008857395925597874,0.0,0.0,0.0
koosoleku elektrooniline koosolekut,0.00043346337234503684,0.0,0.0,0.0024752475247524753,0.0024509803921568627,0.0
korrata stenogrammist vabandan,0.00043346337234503684,0.0,0.0,0.0,0.0012254901960784314,0.0
korruptsiooni korruptsioon korruptsiooniga,0.008669267446900737,0.0,0.005314437555358724,0.0,0.0012254901960784314,0.022754491017964073
korterelamute kortermajade kredexi,0.00043346337234503684,0.0,0.002657218777679362,0.0024752475247524753,0.0012254901960784314,0.004790419161676647
korterid kortereid korterit,0.002600780234070221,0.02040816326530612,0.001771479185119575,0.0,0.0,0.0011976047904191617
korteriuhistu korteriomanike korteriuhistute,0.0,0.0,0.002657218777679362,0.0,0.0012254901960784314,0.0011976047904191617
krimmi agressiooni ukraina,0.014737754659731253,0.0,0.011514614703277236,0.009900990099009901,0.00980392156862745,0.0023952095808383233
kusija vastaja vastasin,0.0,0.0,0.0,0.0,0.0012254901960784314,0.0
kusimusena tahtsa tahtsusega,0.0013003901170351106,0.0,0.001771479185119575,0.0,0.004901960784313725,0.0023952095808383233
kutsehariduse kutseharidus kutsehariduses,0.0013003901170351106,0.0,0.001771479185119575,0.007425742574257425,0.004901960784313725,0.0011976047904191617
laari laar kandidatuuri,0.0,0.0,0.0,0.0024752475247524753,0.0,0.0
lae korgepalgaliste lagi,0.0,0.0,0.0008857395925597874,0.0,0.0,0.0
lahususe voimude lahusus,0.004768097095795405,0.0,0.00354295837023915,0.0,0.0024509803921568627,0.0011976047904191617
lapsetoetust lapsetoetus lapsetoetuse,0.0013003901170351106,0.0,0.0008857395925597874,0.0049504950495049506,0.011029411764705883,0.00718562874251497
lasteaia lasteaias lasteaiakoha,0.003034243606415258,0.0,0.00354295837023915,0.0024752475247524753,0.0,0.013173652694610778
leping ratifitseerida lepinguga,0.002600780234070221,0.0,0.0008857395925597874,0.0024752475247524753,0.0024509803921568627,0.0
liibanonis missioonil pikendamine,0.0013003901170351106,0.0,0.0,0.0,0.0,0.0
liiklussurmade liikluses hukkunute,0.0,0.0,0.0,0.0024752475247524753,0.0024509803921568627,0.0
liitlaste ohutorje keskmaa,0.013437364542696142,0.0,0.013286093888396812,0.0049504950495049506,0.007352941176470588,0.0023952095808383233
lipu laevu kaubalaeva,0.003034243606415258,0.0,0.00974313551815766,0.0,0.00980392156862745,0.0
lipud lippude lipp,0.0017338534893801473,0.0,0.0008857395925597874,0.0,0.0,0.0
lisaeelarve lisaeelarves lisaeelarvega,0.002600780234070221,0.0,0.0070859167404783,0.017326732673267328,0.00857843137254902,0.0023952095808383233
lng terminali gaasi,0.00043346337234503684,0.0,0.00354295837023915,0.0024752475247524753,0.0024509803921568627,0.0
loomi loomade loomad,0.0164716081491114,0.0,0.00974313551815766,0.007425742574257425,0.0024509803921568627,0.008383233532934131
louis freeh kremli,0.002600780234070221,0.0,0.0008857395925597874,0.0,0.003676470588235294,0.0
maantee neljarealiseks ppp,0.002167316861725184,0.02040816326530612,0.002657218777679362,0.0024752475247524753,0.003676470588235294,0.0023952095808383233
maavalitsuste maavalitsused maakonna,0.00043346337234503684,0.0,0.001771479185119575,0.0,0.0024509803921568627,0.0011976047904191617
magustatud suhkrut joogi,0.0,0.0,0.0008857395925597874,0.0,0.0,0.0011976047904191617
majandusaasta koondaruanne raamatupidamise,0.0008669267446900737,0.04081632653061224,0.001771479185119575,0.0,0.00857843137254902,0.0023952095808383233
maksuamet tolliamet tolliameti,0.0017338534893801473,0.02040816326530612,0.001771479185119575,0.007425742574257425,0.006127450980392157,0.0011976047904191617
memorandumi moistmise memorandum,0.0,0.0,0.0008857395925597874,0.0,0.0012254901960784314,0.0
mes maale maaelu,0.0008669267446900737,0.02040816326530612,0.001771479185119575,0.0,0.0,0.0
metsa metsade mets,0.007802340702210663,0.0,0.010628875110717449,0.0,0.00980392156862745,0.02035928143712575
miili baasvorgu lairiba,0.0039011703511053317,0.0,0.0070859167404783,0.0049504950495049506,0.004901960784313725,0.0023952095808383233
missiooni missioonile missioon,0.013437364542696142,0.0,0.001771479185119575,0.0,0.006127450980392157,0.0
moisteid moiste moisted,0.0082358040745557,0.0,0.001771479185119575,0.0,0.0024509803921568627,0.0023952095808383233
muraste kase kompleksi,0.0,0.02040816326530612,0.0,0.0,0.0012254901960784314,0.0
muugimaksu muugimaks paadimaksu,0.00043346337234503684,0.04081632653061224,0.001771479185119575,0.0,0.0024509803921568627,0.0
muundatud geneetiliselt gmo,0.0017338534893801473,0.0,0.0,0.0,0.0,0.0011976047904191617
muuseum muuseumi muuseumide,0.0013003901170351106,0.0,0.0,0.0,0.0,0.009580838323353293
nord stream streami,0.002167316861725184,0.0,0.002657218777679362,0.0024752475247524753,0.003676470588235294,0.0
normitehnika mojude eeskiri,0.002167316861725184,0.02040816326530612,0.00354295837023915,0.0049504950495049506,0.0012254901960784314,0.0
noukogudesse ariuhingute noukogudes,0.002167316861725184,0.0,0.002657218777679362,0.0,0.0012254901960784314,0.003592814371257485
objekti anu raua,0.0039011703511053317,0.02040816326530612,0.01682905225863596,0.06683168316831684,0.004901960784313725,0.015568862275449102
oiglase virumaale ulemineku,0.007802340702210663,0.0,0.001771479185119575,0.0049504950495049506,0.0024509803921568627,0.004790419161676647
oigusloome oigusloomes oiguspoliitika,0.0013003901170351106,0.0,0.0,0.0,0.0,0.0
oigusriik oigusriigi oigusriigist,0.008669267446900737,0.0,0.0044286979627989375,0.0,0.0,0.0011976047904191617
omandireformi tagastatud omandireform,0.0008669267446900737,0.0,0.0,0.0024752475247524753,0.0,0.0
ootuse oigusparase oiguskindluse,0.0013003901170351106,0.0,0.0008857395925597874,0.0,0.0,0.0
operatsioonil sojalisel panustamisel,0.0013003901170351106,0.0,0.0,0.0,0.0,0.0
opositsiooni koalitsioonil opositsioonil,0.005635023840485479,0.0,0.01682905225863596,0.0024752475247524753,0.029411764705882353,0.019161676646706587
opositsioonis koalitsiooni opositsiooni,0.023840485478977026,0.04081632653061224,0.0354295837023915,0.012376237623762377,0.012254901960784314,0.02155688622754491
oppelaenu sugava puudega,0.0,0.0,0.0,0.0024752475247524753,0.0,0.0011976047904191617
otsevalimise presidenti presidendi,0.021239705244906804,0.0,0.010628875110717449,0.04207920792079208,0.004901960784313725,0.004790419161676647
pagulasi pagulased pagulaste,0.006935413957520589,0.0,0.0,0.0024752475247524753,0.0,0.0
palgalohe soolist meeste,0.0039011703511053317,0.0,0.00354295837023915,0.0,0.003676470588235294,0.004790419161676647
palgatousu opetajate palgatous,0.0039011703511053317,0.0,0.005314437555358724,0.007425742574257425,0.0012254901960784314,0.03473053892215569
pealinnast tallinnast viljandisse,0.00043346337234503684,0.0,0.0008857395925597874,0.0049504950495049506,0.0012254901960784314,0.0011976047904191617
pensioni pension sammas,0.0017338534893801473,0.0,0.0,0.0024752475247524753,0.0,0.003592814371257485
pensionifondide pensionifondid fondid,0.0017338534893801473,0.0,0.0,0.0024752475247524753,0.0,0.0023952095808383233
pensioniiga pensioniea eluiga,0.0008669267446900737,0.0,0.0008857395925597874,0.0024752475247524753,0.003676470588235294,0.0011976047904191617
pensionitous pensionitousu pension,0.0013003901170351106,0.02040816326530612,0.012400354295837024,0.012376237623762377,0.006127450980392157,0.00718562874251497
piima toorpiima toodangut,0.002600780234070221,0.02040816326530612,0.0008857395925597874,0.0024752475247524753,0.0012254901960784314,0.0023952095808383233
piirikontrolli schengeni valispiiri,0.0017338534893801473,0.0,0.005314437555358724,0.0,0.0012254901960784314,0.0
piirilepingu piirileping piirilepingut,0.0082358040745557,0.0,0.015943312666076175,0.0,0.0,0.0011976047904191617
piirivalve valvamise valvamine,0.007368877329865626,0.0,0.001771479185119575,0.0,0.0,0.0
planeeringu keskkonnamoju keskkonnamojude,0.00043346337234503684,0.0,0.0008857395925597874,0.0,0.0024509803921568627,0.0
pohiseadusega riigikohus oiguskantsler,0.010403120936280884,0.0,0.005314437555358724,0.01485148514851485,0.014705882352941176,0.0011976047904191617
pollumeestele pollumehi pollumehed,0.0013003901170351106,0.0,0.0008857395925597874,0.0,0.0,0.0011976047904191617
poolte kokkuleppel huvitise,0.0013003901170351106,0.0,0.0008857395925597874,0.007425742574257425,0.0012254901960784314,0.0
post posti omniva,0.00043346337234503684,0.0,0.0,0.0,0.0,0.0
president ilves presidendi,0.0017338534893801473,0.0,0.0,0.0,0.0,0.0
prokuratuur prokuratuuri prokuror,0.01907238838318162,0.0,0.007971656333038087,0.009900990099009901,0.024509803921568627,0.0023952095808383233
psuhhiaatri alaealine psuhhiaatrilist,0.01950585175552666,0.0,0.008857395925597875,0.009900990099009901,0.014705882352941176,0.02155688622754491
puude raskusastme puuet,0.0008669267446900737,0.0,0.001771479185119575,0.0,0.0,0.003592814371257485
raamatukogu pimedate raamatukogude,0.0017338534893801473,0.0,0.001771479185119575,0.0024752475247524753,0.0,0.0
rahapesu terrorismi andmeburoo,0.00043346337234503684,0.0,0.0008857395925597874,0.0,0.003676470588235294,0.0
rahvahaaletuse rahvahaaletus rahvahaaletusel,0.02037277850021673,0.02040816326530612,0.001771479185119575,0.007425742574257425,0.00980392156862745,0.009580838323353293
rahvuse rahvust rahvusriik,0.017338534893801473,0.0,0.002657218777679362,0.0049504950495049506,0.003676470588235294,0.004790419161676647
rail trassi balticu,0.003034243606415258,0.0,0.002657218777679362,0.0049504950495049506,0.0024509803921568627,0.0
reklaami reklaam alkoholireklaam,0.0017338534893801473,0.0,0.001771479185119575,0.0049504950495049506,0.0,0.0
relva relvade relvaluba,0.00043346337234503684,0.0,0.0,0.0,0.0,0.0
riigiabi komisjonilt loa,0.0017338534893801473,0.0,0.002657218777679362,0.0,0.0012254901960784314,0.0023952095808383233
riigikontrolli auditi auditit,0.0008669267446900737,0.0,0.0008857395925597874,0.0024752475247524753,0.003676470588235294,0.0011976047904191617
riigikontrolor karis riigikontrolori,0.0008669267446900737,0.0,0.001771479185119575,0.0,0.004901960784313725,0.0
riigiloivude riigiloivud riigiloivu,0.0017338534893801473,0.0,0.0,0.0024752475247524753,0.0,0.0
riigimetsa majandamise noukokku,0.0,0.0,0.00354295837023915,0.0,0.0024509803921568627,0.004790419161676647
riigipalgaliste riigisektoris koondada,0.0013003901170351106,0.0,0.0044286979627989375,0.0024752475247524753,0.0012254901960784314,0.0
riigipuha puhade tahtpaevade,0.0008669267446900737,0.0,0.0008857395925597874,0.0,0.0,0.0
riigireformi riigireformist riigireform,0.0017338534893801473,0.0,0.001771479185119575,0.0024752475247524753,0.0012254901960784314,0.0023952095808383233
rongi rongide rongid,0.0,0.0,0.0,0.0049504950495049506,0.0012254901960784314,0.0023952095808383233
salastatud valisteabe riigisaladuse,0.010403120936280884,0.02040816326530612,0.005314437555358724,0.0,0.0024509803921568627,0.0
salvestisi salvestised salvestiste,0.009969657563935847,0.0,0.011514614703277236,0.0,0.020833333333333332,0.005988023952095809
samba sammas sambasse,0.0008669267446900737,0.0,0.002657218777679362,0.0024752475247524753,0.0,0.004790419161676647
seksuaalse vangistusega vaarkohtlemise,0.0,0.0,0.0,0.0,0.0,0.0011976047904191617
sigade katku katk,0.003034243606415258,0.0,0.0008857395925597874,0.0,0.0,0.0011976047904191617
skais arendused infosusteemide,0.0,0.0,0.002657218777679362,0.0,0.003676470588235294,0.0011976047904191617
slovakkia ungari portugal,0.007802340702210663,0.0,0.005314437555358724,0.0049504950495049506,0.007352941176470588,0.0023952095808383233
soita jalakaija konniteel,0.004768097095795405,0.0,0.006200177147918512,0.0,0.014705882352941176,0.0
sularaha kommertspangad pangad,0.0,0.0,0.0,0.0,0.0012254901960784314,0.0
suuria euroopasse turgis,0.0013003901170351106,0.0,0.0,0.0,0.0012254901960784314,0.0
taanis saksamaal hollandis,0.005201560468140442,0.0,0.0044286979627989375,0.0024752475247524753,0.006127450980392157,0.0011976047904191617
talupidajate kaubanduskoja kaubanduskoda,0.0,0.0,0.001771479185119575,0.0,0.0,0.0
tantsupeo laulu traditsiooni,0.0,0.0,0.0008857395925597874,0.0049504950495049506,0.0012254901960784314,0.0011976047904191617
tapsustatakse ajakohastatakse nouete,0.0017338534893801473,0.0,0.002657218777679362,0.0024752475247524753,0.0,0.0011976047904191617
tarbijakaitse amet ametile,0.0039011703511053317,0.04081632653061224,0.0,0.0024752475247524753,0.006127450980392157,0.0023952095808383233
teadus teaduse arendustegevuse,0.006501950585175552,0.0,0.01682905225863596,0.024752475247524754,0.011029411764705883,0.008383233532934131
teatri teater rahvusooper,0.0008669267446900737,0.0,0.0008857395925597874,0.0024752475247524753,0.0,0.0
teede teehoiuks teedele,0.0013003901170351106,0.0,0.002657218777679362,0.009900990099009901,0.0012254901960784314,0.0011976047904191617
teekasutustasu autode autod,0.0,0.0,0.001771479185119575,0.0,0.0012254901960784314,0.0023952095808383233
teenistuse teenistuses avalikus,0.003034243606415258,0.0,0.0,0.0,0.003676470588235294,0.0023952095808383233
teenuseid teenused teenust,0.0,0.0,0.0008857395925597874,0.0,0.0,0.0011976047904191617
terviseandmed isikuandmeid terviseandmeid,0.03901170351105332,0.0,0.015057573073516387,0.01485148514851485,0.022058823529411766,0.0023952095808383233
tervist tervis tervisega,0.00043346337234503684,0.0,0.001771479185119575,0.007425742574257425,0.0024509803921568627,0.0023952095808383233
tooandja tervisesse maksuvabalt,0.00043346337234503684,0.0,0.0008857395925597874,0.0049504950495049506,0.0,0.0011976047904191617
tooandja tooandjal tootaja,0.002167316861725184,0.0,0.0008857395925597874,0.009900990099009901,0.0012254901960784314,0.0
toonadalal istungid taiendaval,0.01907238838318162,0.02040816326530612,0.022143489813994686,0.012376237623762377,0.011029411764705883,0.017964071856287425
tootuid tootute tootu,0.002600780234070221,0.0,0.001771479185119575,0.012376237623762377,0.0012254901960784314,0.0011976047904191617
tootuli lepitaja ametiuhingute,0.0008669267446900737,0.0,0.0,0.0024752475247524753,0.0012254901960784314,0.0
tootuna arvele ariuhingu,0.0008669267446900737,0.0,0.0,0.0,0.0,0.0
toovoimereformi toovoimega toovoimereform,0.00043346337234503684,0.0,0.001771479185119575,0.0049504950495049506,0.0,0.0011976047904191617
treenerite spordi sport,0.0,0.0,0.008857395925597875,0.0049504950495049506,0.007352941176470588,0.003592814371257485
ts parvlaeva parvlaevad,0.0013003901170351106,0.0,0.0008857395925597874,0.0,0.003676470588235294,0.0011976047904191617
tsernoboli represseeritud oigusvastaselt,0.0,0.02040816326530612,0.0,0.0,0.0,0.0
tulubaasi omavalitsustele omavalitsuste,0.004768097095795405,0.0,0.0044286979627989375,0.007425742574257425,0.0024509803921568627,0.003592814371257485
tulubaasi tasandusfondi tulumaksuosa,0.00043346337234503684,0.0,0.002657218777679362,0.0024752475247524753,0.0012254901960784314,0.0
tulumaksuvaba maksususteemi tulumaksu,0.002167316861725184,0.02040816326530612,0.001771479185119575,0.0024752475247524753,0.006127450980392157,0.01437125748502994
ugri rahvaste polisrahvaste,0.002600780234070221,0.0,0.001771479185119575,0.0,0.0012254901960784314,0.0
uhistranspordi uhistransport uhistransporti,0.0013003901170351106,0.02040816326530612,0.0070859167404783,0.0,0.007352941176470588,0.0011976047904191617
ulejaagis struktuurses struktuurse,0.0039011703511053317,0.02040816326530612,0.00354295837023915,0.0024752475247524753,0.006127450980392157,0.004790419161676647
ulikooliga kbfi instituudi,0.00043346337234503684,0.0,0.0008857395925597874,0.0024752475247524753,0.0,0.0011976047904191617
uliopilased uliopilastele uliopilaste,0.00953619419159081,0.0,0.00974313551815766,0.024752475247524754,0.012254901960784314,0.011976047904191617
untso missioonide liikmesusest,0.0017338534893801473,0.0,0.001771479185119575,0.0024752475247524753,0.007352941176470588,0.0011976047904191617
utah jordaania energia,0.0008669267446900737,0.0,0.0008857395925597874,0.0,0.0012254901960784314,0.0
uuring uuringut uuringu,0.0008669267446900737,0.0,0.001771479185119575,0.0024752475247524753,0.006127450980392157,0.0023952095808383233
vabatahtlike komandode paasteameti,0.005635023840485479,0.0,0.001771479185119575,0.0049504950495049506,0.003676470588235294,0.0023952095808383233
vaesuses suhtelises vaesuse,0.0013003901170351106,0.02040816326530612,0.0,0.0024752475247524753,0.003676470588235294,0.008383233532934131
vagivalla naistevastase perevagivalla,0.0,0.0,0.0008857395925597874,0.0,0.0,0.0
vagivallale vihakone ohutamine,0.03207628955353273,0.04081632653061224,0.011514614703277236,0.0024752475247524753,0.0024509803921568627,0.004790419161676647
vaikesaarte saarte pusiasustusega,0.0008669267446900737,0.0,0.0,0.0,0.003676470588235294,0.0011976047904191617
valdkonnad laekumisest fikseeritakse,0.0017338534893801473,0.0,0.010628875110717449,0.0024752475247524753,0.006127450980392157,0.009580838323353293
valijate erakonda valijaid,0.006935413957520589,0.0,0.0008857395925597874,0.0,0.003676470588235294,0.003592814371257485
valimisea valimisiga valimisoiguse,0.0,0.0,0.001771479185119575,0.0024752475247524753,0.0012254901960784314,0.0011976047904191617
valimiskomisjon proteste valimiskasti,0.00043346337234503684,0.0,0.0,0.0,0.0012254901960784314,0.0
valimisliitude volikogusse volikokku,0.01950585175552666,0.04081632653061224,0.012400354295837024,0.0049504950495049506,0.031862745098039214,0.017964071856287425
valismaale valjarande valjaranne,0.0034677069787602947,0.0,0.0,0.0,0.0,0.0011976047904191617
valispoliitika valispoliitikas diplomaatia,0.0017338534893801473,0.02040816326530612,0.006200177147918512,0.0024752475247524753,0.00980392156862745,0.010778443113772455
vallaga vald sauga,0.003034243606415258,0.02040816326530612,0.001771479185119575,0.0024752475247524753,0.0024509803921568627,0.0
vanemahuvitist vanemahuvitise vanemahuvitis,0.00043346337234503684,0.0,0.00354295837023915,0.0024752475247524753,0.0,0.008383233532934131
varude varud varu,0.002167316861725184,0.02040816326530612,0.007971656333038087,0.0024752475247524753,0.0024509803921568627,0.0
veb fondi uurimiskomisjon,0.0013003901170351106,0.0,0.0,0.0024752475247524753,0.0024509803921568627,0.0
vee monopolide veeteenuse,0.0,0.0,0.001771479185119575,0.0,0.0,0.0
viirust vaktsineeritud viiruse,0.06025140875596012,0.061224489795918366,0.048715677590788306,0.03217821782178218,0.06495098039215687,0.06467065868263473
virumaale virumaa toostusalade,0.002600780234070221,0.0,0.006200177147918512,0.0024752475247524753,0.0024509803921568627,0.037125748502994015
voidusamba vabadussoja uurimiskomisjon,0.0008669267446900737,0.0,0.0,0.0,0.0,0.0
volakirjade keskpank volakirju,0.0017338534893801473,0.0,0.001771479185119575,0.0024752475247524753,0.00980392156862745,0.0
volitust kaasuses jarvik,0.0017338534893801473,0.0,0.0,0.0,0.0,0.0
